id,merchantName
3,Affiliate Window
4,Swerve
9,Fragrancedirect
8,Drinkstuff.com
295,Create
61,TheDrinkShop
65,Pharmacy2U
111,HouseWeb
129,InterRose
161,Song Galaxy
164,Prezzybox
189,Flowers Direct
258,Garden Pharmacy
260,Ink Factory
269,OutdoorGear UK
286,artrepublic
273,Buyagift.co.uk
307,Cast In Style
317,Toffs Ltd
964,Serenata Flowers
350,Chocolate Trading Company
355,DesperateSeller.co.uk
361,Advanced MP3 Players
368,Butonz
380,Mobiles.co.uk
382,Karaoke Island
383,Ancestral Collections
392,Elite Titles
400,The Whisky Exchange
422,e2save
1281,247 Blinds
425,Post-a-Rose
427,BananaShoes Limited
483,B &amp; Q
488,Bunches.co.uk
496,Tooled Up
506,Shoesinternational.co.uk
547,Gameseek
550,Firebox
556,King &amp; McGaw
580,PicStop
586,Express Chemist
605,All Jigsaw Puzzles
610,London Theatre Direct
686,Kitbag Ltd
713,Jones Bootmaker.com
732,Bizzy Balloons
736,Cadbury Gifts Direct
741,Catalink
744,BOTB
761,Slapiton
790,Woolovers
797,Appliance City
799,Plain Lazy
802,Activity Superstore
806,Vintage Wine Gifts
808,CartridgeMonkey
813,Scottsdale Golf
828,Vision Direct
1023,EasyRoommate.co.uk
838,Locks Online
854,Jokers Masquerade
851,TV Cables
899,Fitness Options
875,Savapoint
884,Truprint
897,Names.co.uk
911,allbeauty.com
913,Musicroom.com
933,2-fore-1golf
948,Savile Row Company Ltd
952,Electricshopping.com
957,Novatech Ltd
962,Bed Star Ltd
970,GreatMagazines
974,SubsideSports.com
978,A Quarter Of...
987,Mankind
988,Beauty Expert
1006,The Safe Shop
1008,Kiniki
1015,Warner Leisure Hotels
1017,ShortBreaks Ltd
1043,Shirtcity.co.uk - design your shirt
1052,Burton
1117,Gear 4 Music
1120,Joe Browns
1134,Dorothy Perkins
1137,PhotoBox
1148,Darlings of Chelsea
1150,Mills &amp; Boon
1153,TorFX
1202,Iwantoneofthose.com
1183,Baby Monitors Direct
1186,Dyson Cleaners &amp; Spares
1188,Icons
1192,Simply Scuba Ltd
1199,My Favourite Magazines
1205,Hamleys
1203,John Lewis
1206,Hush Homewear
1228,Screwfix
1238,Lonely Planet Publications
2191,Kiddies Kingdom
1242,66fit Ltd
1244,Blackcircles.com Limited
1246,Ligo Electronics Ltd
1257,Vodafone Ltd
1252,JML Direct
1253,Clearwater Hampers
1261,Getting Personal
1268,Flying Flowers
1269,Vanquis Bank Ltd
1283,Joules
1287,Bernards Door Furniture Direct
1298,Mattress Man
1292,Nisbets plc
1294,Simply Swim
1295,Simply Beach
1296,Simply Hike
1297,Simply Piste
1302,Evans Cycles
1311,Electrical Discount UK
1318,Joseph Turner Shirts
1320,Hotter Shoes
1334,Memory Foam Warehouse
1346,Art of Metal
1353,MAD4PONIES
1345,Shot Dead In The Head
1351,Gardening Direct
1352,Garden Bird
1356,Attractiontix
1366,Westfalia Mail Order
1374,Sock Shop
1379,Woodyatt Curtains
1402,Marks and Spencer
2201,Experience Days
1414,Foyles for books
1423,Evans Clothing
1453,Evengreener
1456,Present Aid
1459,Clare Florist
1478,APH
1463,Sport and Leisure UK
1465,TruffleShuffle.com
1496,La Redoute
1485,Jersey Plants Direct
1495,MaxiNutrition
1499,Easily Limited
1625,F.Hinds Jewellers
1528,Robert Dyas
1531,Lights4Fun
1546,Majestic Wine
1552,991.com
2271,Tree2mydoor.com
1555,Gadget Cover
1559,Simply Games Ltd
1563,Wickes
2364,Laura Ashley
1613,Green People
1586,Travelodge
1593,Discount Theatre
1598,PC World
1599,Currys
1635,Arena Flowers
1657,Studio
1660,Ace
1670,Blooming Direct
1663,Currys Partmaster
1669,Boden
1679,Pricerighthome.com
1684,MAGIX Multimedia software for PC
1685,M&amp;Co
1688,Orchira
1695,SSE
1726,Casio Online
2112,Strand Palace Hotel
1736,The Entertainer
1738,Park Holidays UK
1757,UKHost4u
1799,Rapid Online - Rapid Electronics Ltd.
1804,Room4
1805,Walktall
1806,Cosyfeet
1818,Gatineau
1826,UKSoccershop.com
1829,PineSolutions.co.uk
1837,Holland &amp; Barrett
1846,Vodafone Small Business
1857,Wiggle Online Cycle Shop
1866,Buysubscriptions.com - Immediate &amp; BBC magazines
1867,Mattress Online
1868,Character-Online
1887,EDF Energy
1870,ScottishPower
1902,Baker Ross
1912,Valueflora.com
1925,Expert Verdict
1923,Scotts of Stow
1924,The Original Gift Company
1931,PrinterInks
1936,Theatre Tickets Direct
1938,P&amp;O Cruises
1946,New Look
1947,MandMDirect.com
1963,Macdonald Hotels
1964,Golfonline
1965,Gizoo
1969,Interflora
1983,Red Letter Days
1990,Moss Bros
1992,Purely Diamonds
2002,Confetti
2005,Just Eat &#8211; Find your flavour
2017,yoox.com
2044,Schuh
2026,Superdrug
2041,Boots.com
2043,Haysom Interiors
2068,Life and Looks
2077,Urban Outfitters
2069,Adnams Cellar &amp; Kitchen
2082,lookfantastic.com
2083,OKI-NI
2085,Spafinder Wellness 365
2102,Chemist Direct
2114,findmypast
2134,Hot Diamonds
2166,Lloyds TSB Duo Avios Credit Cards
2163,eHarmony
2165,Schuh Ireland
2174,Goldsmiths
2186,Thorntons
2193,Office Stationery
2197,National Express
2198,Beanbagbazaar
2202,Hearst Magazines UK Ltd
2245,PrePayMania
2204,G Adventures
2220,Vodafone Ltd - Free Sims
2225,Britannia Hotels
2241,worldwide-parcelservices
2246,L.K. Bennett
2249,Bench
2252,Terry&#39;s Fabrics
2258,Wynsors
2264,Carphone Warehouse
2273,Royal Horticultural Society
2276,Electrical Experience
2283,Thompson &amp; Morgan
2284,Topps Tiles Plc
2287,Furniture Village
2298,Wex Photographic
2289,Jacques Vert
2290,Windsmoor
2292,Precis
2319,boohoo.com
2340,Graze
2346,UK Office Direct Limited
2362,ProtectYourBubble
2355,Alfa Travel Ltd
2365,Heathrow Airport Parking
2368,Slimming Solutions
2371,PC World Business
2374,Office Shoes
2386,Philip Morris &amp; Son
2388,Gymcompany
2394,Discount Supplements
2396,Adini Online
2395,Secret Sales
2400,Wilko.com
2402,Melia International
2411,National Express Eurolines
2417,Miss Selfridge
2418,Chargrilled
2419,Wallis
2421,Gemondo Jewellery
2863,Fitbug Ltd
2423,repaircare
2425,B &amp; Q Shutters
2430,Brook Taverner
2439,Big Yellow
2440,Go Electrical
2442,Flowercard
2448,Viagogo
2453,Lloydspharmacy
2455,UK Sport Imports Ltd
2457,Filofax UK
2459,Top CashBack
2462,Overstocks2Clear
2465,Media Storehouse
2476,Barcelo Hotels &amp; Resorts
2479,Topman
2484,Hampergifts.co.uk
2490,Scottish Friendly
2495,Ordnance Survey
2500,Virginia Hayward Hampers
2872,Missguided
2506,Simply Home Entertainment
2507,St Michel Hotels
2515,Clarks
2516,Ideal World
2517,Lovell Rugby Limited
2518,Lovell Soccer
2527,Moda in Pelle
2525,Ted Baker
2526,ghd
2530,Swarovski Crystal
2535,The Golfers Club
2536,Wiltshire Farm Foods
2537,Sweatband.com
2546,Insure4sport
2547,The Hut
2549,Zavvi
2553,Kiddicare
2555,BeyondTelevision
2556,Al Fresco Holidays
2560,888ladies.com
2562,MOO
2566,Oak Furniture Solutions
2569,Trendy Golf
2578,Trunki
2584,Cancer Research UK - Online Shop
2832,Footasylum
2592,Skatehut
2593,Imagine Ireland
2594,BreakFree Holidays
2596,Domino&#39;s Pizza
2617,Marks and Spencer Personalised
2606,M and M Direct IE
2609,MovieMail Ltd
2630,Riu Hotels &amp; resorts
2610,Angels Fancy Dress
2622,Tenpin Ltd
2627,Magazine Subscriptions
2632,Walt Disney Travel Company: Florida Holidays
2638,Spartoo.co.uk
2642,Emma Bridgewater
2646,Vitabiotics
2658,lenstore.co.uk
2659,The Gentlemans Shop
2884,AllPosters.co.uk
2671,Best Western Hotels Great Britain
2673,anyvan
2677,Consoles and Gadgets
2678,Megabus
2681,Irish Ferries
2685,Wolford Online Boutique
2689,John Lewis Car Insurance
2690,Ebuyer
2692,Phase Eight
2694,Base.com
2695,GhostBikes.com
2698,Chain Reaction Cycles
2699,Simply Paving
2701,Great Days Out
2729,Opodo
2734,eChemist
2957,Scholastic
2744,John Lewis Home Insurance
2745,John Lewis Pet Insurance
2746,John Lewis Travel Insurance
2749,SmartBuyGlasses
2751,Topdoginsurance
2753,Pai Skincare
2755,Travelodge IE
2760,Hotels Viva
2761,Design Hotels
2764,Watch Shop
2780,Sarenza
2804,Red Candy Ltd
2805,Coast
2806,Coast &amp; Country Cottages
2807,Habitat
2810,Bras &amp; Honey
2815,John Lewis Wedding Insurance
2816,Electricshopping Ireland
2828,Hargroves Cycles
2834,Asda Groceries
2847,Holidaylettings.co.uk
2849,Clickgolf.co.uk
2854,Coopers of Stortford
2855,The Celtic Manor Resort Ltd
2871,Forever Unique
3100,House of Fraser
2873,BitDefender
2878,Zest Beauty
2879,Barker and Stonehouse
2887,London Zoo
2894,Goddiva
2897,STORM
2973,Plusnet Broadband
2901,Lyle and Scott
2903,World of Baths
2908,Gamola Golf
2913,The Guide Dogs for the Blind Association
2918,Pontins
2920,Argento
2921,Oxfam Online Shop
2925,Asda George
2935,Hoburne Holiday Parks
2940,Zooplus.co.uk
2943,ShopTo.Net
2951,Oregon Scientific
2955,The Gourmet Society
2956,Perfume Plus Direct
2961,Magazines Direct
2966,TomTom
2968,Trampoline Warehouse
2972,Walls and Floors
2974,Plusnet Business Broadband
2981,Attitude Clothing
2991,Escentual
2992,Jack Wills
2993,HiFX
3003,MaxCleavage.com
3010,Sealife
3011,The Dungeons
3014,Simple Landlord Insurance
3015,Weddingplan insurance
3016,Simple Caravan Insurance
3017,WHSmith
3019,Tub Collection
3020,The Sofa Company
3026,Jacamo
3027,Simply Be
3028,Fifty Plus
3029,Marisota
3030,Fashion World
3031,House of Bath
3032,JD Williams
3033,Julipa
3035,Premier Man
3041,BT Broadband
3042,BT Business Broadband
3043,BT Shop
3051,Gift Ideas For Two
3057,Surfmountain.com
3058,Pet Plan
3063,Pet Plan Equine
3069,888games.com
3082,Artisanti
3084,Wink Bingo
3085,Equifax
3089,Littlewoods
3090,very.co.uk
3109,Crocs
3119,Musto.com
3122,My Photo Puzzle
3125,Subscription Save
3129,Party Pieces
3131,Machine Mart
3133,Hughes
3134,startriteshoes.com
3135,Menkind
3139,Father Christmas Letters
3140,888 Casino
3141,888 Poker
3157,BT Business Direct
3169,Neals Yard Remedies
3170,Van Meuwen
3180,Sunglasses Shop
3193,Swiss International Air Lines
3196,Myprotein
3202,buymobiles.net
3206,Inghams
3208,French Connection
3209,Great Plains
3217,Great Rail Journeys
3219,My M&amp;M&#39;s
3228,The Brilliant Gift Shop
3234,O2 Recycle
3235,O2 Mobiles
3238,O2 Mobile Broadband
3242,O2 Freesim
3247,Treatwell (UK)
3253,LA Muscle
3259,Rail Discoveries
3271,The All in One Company
3278,Kelkoo
3279,Under Armour
3295,Feather &amp; Black
3296,Medion
3297,The Garden Furniture Centre Ltd
3311,Waltons IE
3314,Waltons
3317,Sykes Cottages
3321,Hawes &amp; Curtis
3326,Ryman
3329,Made.com
3334,AX Paris
3336,UK Tool Centre
3337,HQhair.com
3379,Christies Direct
3355,Whittard of Chelsea
3356,Zalando UK
3361,Merlin Cycles
3369,bgo.com
3370,Wedgwood
3373,F1 Autocentres
3382,UGG
3383,Teva
3395,Rutland Cycling
3398,Presents for Men
3418,The Whisky Barrel
3422,payasUgym.com
3423,Baukjen
3428,pabo.com
3637,Paperchase
3450,QHotels
3454,Boux Avenue
3456,Expedia UK
3460,Hallstone Direct
3461,Bonmarch
3462,Cyclestore
3463,Camping World
3464,Portable Universe
3466,365ink
3469,Ample Bosom
3477,Select Fashion
3478,Tyre Shopper
3480,Viking
3481,Firstaidwarehouse.co.uk
3483,Vestry Online
3484,totes ISOTONER
3489,SpaBreaks.com
3494,Airparks
3495,Park BCP
3496,Holiday Extras
3497,Show and Stay
3501,Chessington Holidays
3502,Thorpe Breaks
3503,LEGOLAND Holidays
3509,Wallpaperdirect
3510,Trampoline Collection
3514,Orange PAYG
3516,EE Home Broadband
3524,Crieff Hydro Hotel &amp; Resort
3525,National Gallery
3526,letsgo2
3527,Designerpaint
3528,Glasses Direct
3535,Regattaoutlet.co.uk
3540,CRUISE
3545,Multiyork Furniture
3546,wimdu.co.uk
3549,Go Outdoors
3553,JustYou
3556,Tickettree.com
3557,Diamonds Factory
3558,craghoppers.com
3564,Glow.co.uk
3566,Radisson Blu
3567,Park Inn
3570,Riverford
3572,GorgeousCouture.Com
3574,DrinkSupermarket.com
3578,Twinings Teashop
3584,red5.co.uk
3586,Audio Visual Online
3589,Ticketmaster UK
3590,Geniegadgets.com
3592,Brantano
3595,Wowcher.co.uk
3596,Monster Supplements
3597,CalendarClub.co.uk
3599,giffgaff
3604,Mybag.com
3606,Raileasy
3610,DFDS Seaways
3611,Hearing Direct
3613,Surveys.co.uk
3615,LateRooms.com
3617,Hotels.com
3620,MicksGarage.com
3622,Coverwise.co.uk
3624,Hilton
3633,British Corner Shop
3628,Slendertone
3631,PRC Direct
3634,NONNON
3636,Vertbaudet
3643,Pharmacy First
3645,The Present Finder
3650,Natural Collection
3651,Ethical Superstore
3655,On The Beach
3657,The STI Clinic
3659,Cartridge People
3660,Allsole
3667,Radisson Blu Edwardian UK
3670,Easyvoyage.co.uk
3674,TalkTalk Phone and Broadband
3676,BrandAlley
3679,The May Fair Hotel UK
3681,QuoteSearcher
3682,SCS
3685,Monarch Flights
3690,USN (UK) LIMITED
3691,Waitrose
3698,Proporta
3708,AllSaints
3719,Find My Supplies
3721,Eurocamp
3738,Anglian Home Improvements (Lead Generation)
3741,Jones and Jones Fashion
3744,Rock My Vintage Ltd
3749,GlossyBox
3810,GB Posters
3754,M&amp;S Energy
3758,Get Me In &amp; Seatwave
3768,Day Long
3759,High Street TV
3765,Experience Mad
3766,Apricot
3771,Aviva Travel Insurance
3772,Bravissimo
3774,Euroffice
3775,Sheilas&#39; Wheels Home Insurance
3776,Sheilas&#39; Wheels Motor Insurance
3779,Skiset
3780,Dare2b
3783,Denny and Sons
3785,esure Car Insurance
3786,esure Home Insurance
3787,Waterstones
3788,Aviva Home Insurance Programme
3790,RAC
3793,Energy Helpline
3798,Aviva Car Insurance
3804,RAC Home Insurance
3805,Flannels
3811,Building Supplies Online
3819,Elvi
3823,Galaxy Perfume
3826,Worldstores
3830,Art.co.uk
3831,Bodybuilding Warehouse
3837,Rajapack
3842,Tombola
3844,Haven Holidays
3849,Park Resorts
3850,Snapfish.co.uk
3851,Snapfish Ireland
3856,Shearings Holidays
3862,SuperBreak.com
3866,Fineflora
3870,HOTEL INFO
3892,Virgin Trains
3898,Hungry House
3899,Urban Surfer
3904,Go Ape
3911,BSI
3920,Stuarts London
3922,LOVETheatre
3925,LivingSocial - UK
3926,Garden Trading
3927,Christian Aid
3932,The AA UK Breakdown
3936,Mesh Affiliate Programme
3937,Homecrafts.co.uk
3938,The AA Car Insurance
3939,Saga Car Insurance
3940,Saga Holidays
3941,Saga Travel Insurance
3942,Saga Home Insurance
3943,Saga Health Insurance
3944,The AA European Breakdown
3946,The AA Home Insurance
3947,The AA Travel Insurance
3953,AA Loans
3955,Saga Term Life Insurance
3964,My 1st Years
3965,Scribbler
3977,ProBikeKit
3983,Monarch Holidays
3986,ProBikeKit (US &amp; CA)
3993,PrinterPix
3994,PrimeSport.com (US)
3997,Euro Car Parts
4009,The Twister Group (US &amp; CA)
4011,TrophySkin (US)
4014,Apple Vacations (US &amp; CA)
4016,Game Access (CA)
4019,MovieTickets.com (US)
4028,Affiliate Window (CAD)
4030,Affiliate Window (EUR)
4032,Affiliate Window (USD)
4037,SuperStar Tickets (US)
4057,Organic Bouquet (US)
4059,Coffee.org (US)
4060,Value Pet Supplies (US)
4063,PeaceLoveWorld (US &amp; CA)
4065,TeamSnap (US &amp; CA)
4067,Coyuchi (US &amp; CA)
4068,Linens Bargains (US &amp; CA)
4070,Buddha Groove (US &amp; CA)
4099,LBC Lighting (US &amp; CA)
4212,Pavers
4108,RAC Bike Insurance
4109,Saga Guaranteed Life Insurance
4114,Regatta
4115,Proporta (US &amp; CA)
4118,mytyres.co.uk
4119,123spareparts.co.uk
4120,moto-tyres.co.uk
4260,John Lewis Broadband
4217,Lonely Planet (US &amp; CA)
4222,ETA Insurance
4230,Ferrari Store (US)
4235,Swarovski (US)
4237,Barcelo (US &amp; CA)
4238,Riu (US &amp; CA)
4251,QP Jewellers
4253,Shoe Zone
4261,Led Hut Ltd
4264,Mighty Deals
4270,ROK Electronic Cigarettes
4273,Kinetica Sports
4275,Agoda.com (Global)
4276,Paddy Power (Sports)
4277,The Jewel Hut
4390,Hellofresh
4282,Titan Travel
4285,Slendertone (US)
4291,Atlantis The Palm
4296,De Gruchys
4307,Stubhub.co.uk
4315,Gtech.co.uk
4318,Coggles
4319,LivingSocial - Ireland
4340,Theatrepeople
4333,Madamevacances
3959,HomeArena
4335,Prestige Flowers
4348,Doggie Solutions Ltd
4349,Westend Theatrebreaks
4350,UKTickets
4351,National Tyres and Autocare
4352,Western Union
4353,Debenhams Flowers
4358,Ebuyer Business
4359,Ticketbis
4329,lastminute.com
4362,Vapouriz Electronic Cigarettes
4377,Clear Chemist
4383,Waitrose Florist
4385,Bakker Spalding
4388,HiWayHiFi
4393,Little Mistress
5779,shop4world.com
4400,Zuto
4403,TalkTalk Mobile
4409,Siblu Holidays UK
4410,E Cigarettedirect
4412,Superdry UK
4413,Superdry (US)
5483,Monster Pet Supplies
4418,Saints &amp; Slimmers
4430,Oak Furniture Superstore
4431,Great Furniture Trading Company
4435,Acess
4433,Pauls Boutique
4436,Just Sheepskin
4445,Confused.com
4446,Aldo Shoes (UK)
4448,Superdry (CA)
4453,Create and Craft
4454,myvitamins.com
4455,We Want Any Car
5894,Genes Reunited
4456,Merlin Cycles (US &amp; CA)
4459,Frugi
5764,Papa Johns
4466,Reading Eggs
4467,Bargain Crazy
4542,Dragon Carp Direct
4592,Pebble Grey
4728,Highland Titles
4736,Affordable Supplements
4746,Cox and Cox
4786,Marks and Spencer Ireland
4788,Key Retirement
4802,The White Company
4804,Hotelsclick.com UK
4808,Hotel Du Vin
4818,Malmaison
4822,BULK POWDERS
4834,Manor Cottages
4850,Click Basin
4854,Look Again
4878,Printed.com
4870,Whisk Hampers
4874,1&amp;1 Internet (US)
4876,1&amp;1 Internet (CA)
4882,Find a Baby Sitter
4888,Samuel Johnston
4890,Paddy Power (Games)
4892,Paddy Power (Bingo)
4900,Wish.co.uk
4908,Cross
4910,Tokyo Laundry
4934,Allianz Musical Insurance
4936,Freedom Finance
5572,Voice Mobile Limited
5578,Go Groopie
5004,Heathcote &amp; Ivory
4988,Krystal
4992,Woolovers (US)
4994,Woolovers (CA)
4998,Hotelsclick.com (US)
5010,Proviz
5030,Muubaa
5032,Ben Sherman
5164,Slendertone IE
5070,Gousto
5076,The Watch Hut
5088,Guess Europe
5096,Warranty Wise
5106,Bateaux London
5108,theofficesuppliessupermarket.com
5122,Eastex
5124,Dashfashion
5140,Espares
5150,The Protein Works
5152,Snow Rental
5154,Liverpool Airport
5160,Time Magazine
5166,JerseyTravel.com
5168,GuernseyTravel.com
5172,Laybrook Ltd
5176,Calor
5178,TP Toys
5184,MobileShop.com
5190,Simply LED
5212,Benefits Alliance Travel Insurance
5232,Dead Legacy
5238,The Range
5252,Direct Car Excess Insurance
5270,Minerva Crafts
5272,Spirit of Nature
5277,Moevenpick Hotels (US &amp; CA)
5278,ResorTime (US &amp; CA)
5280,H10 Hotels (US &amp; CA)
5281,Corinthia (US &amp; CA)
5282,Bahia Principe (US &amp; CA)
5283,Design Hotels (US &amp; CA)
5287,National Holidays
5291,Pen Shop
5293,Getmecarfinance
5295,PC World IE
5297,Currys IE
5311,Jack Wills (US)
5366,ALA
5315,Amstar DMC (US &amp; CA)
5654,David Shuttle
5318,Waterford
5319,Royal Doulton
5320,Royal Albert
5325,New Era Cap
5326,Etihad Airways
5331,RAC Van Insurance
5338,RAC European Breakdown Cover
5340,British Gas Energy
5341,British Gas Homecare
5342,British Gas CPL Campaign
5343,British Gas Calls - On Demand
5346,Swiss.com (US)
5349,directblinds
5350,unineed
5351,Exodus Travels
5358,Rodial
5362,Nip &amp; Fab
5363,Sonic Direct
5369,Hyatt Hotels &amp; Resorts (US &amp; CA)
5371,TeamSport Indoor Karting
5374,SportsDirect.com
5376,usc.co.uk
5379,Offspring
5382,Your Furniture Online
5386,Exante Diet
5387,Claire&#39;s
5401,Officers club
5402,Blue Inc
5404,John Fowler Holidays
5407,Tickled Tache
5408,Art Gallery
5411,Hobbycraft
5412,Predator Nutrition
5413,XLN Telecom
5423,Post Office Travel Money
5430,London City Airport
5431,Whipsnade
5432,Dial a TV
5433,ipostparcels
5437,Chic Look
5440,Woosh Airport Extras
5441,QDOS Breakdown
5442,FloridaTix
5609,Yoek
5447,Golf Gear Direct
5451,Pet Insurance
5454,Insurance4My Caravan
5463,Fat Face
5464,ESE Direct
5466,John Smedley Outlet
5468,Ferrari Store (CA)
5469,Maserati Store (US)
5473,Damart
5474,Overnight Prints (US)
5478,The Book Depository
5480,Festicket
5481,LBC Modern (US)
5485,Easycar
5486,Easyvan
5487,The Book Depository (US)
5796,Holiday Cottages
5786,PUBLIC Bikes (US)
5491,Corncott
5492,Vivomed Limited
5500,Toner Giant
5501,Train Genius
5503,Gamucci Electronic Cigarettes
5504,Craft Company
5506,Best4ECigs
5509,From Babies With Love
5511,hoppa.ie
5766,5pointz
5513,The Hut (US &amp; CA)
5795,The Guardian Soulmates
5520,1&amp;1 Internet (Mexico)
5522,Lycafly
5532,Toby Tiger
5539,Elitesingles.co.uk
5540,Elitesingles.ie
5550,Santa&#39;s Lapland
5551,Destination Killarney
5552,Gleneagle Hotel
5553,Scotts Hotel Killarney
5554,The Brehon
5556,The Maritime
5561,Insure 4 a Day
5565,Transform Your Images
5566,John Greed Jewellery
5567,Virgin Atlantic (US &amp; CA)
5568,Crew Clothing
5571,EE Mobile
5573,The People&#39;s Operator Free PAYG Sim (CPL)
5577,Pretty Little Thing
5579,etyres
5580,House Simple
5589,apartments4you
5592,British Gas Landlord
5597,Armani
5603,Farmaline
5648,Confused.com Home Insurance
5606,JTX Fitness
5611,The Towel Shop
5618,OKA Direct
5622,Cohen &amp; Massias
5623,Chain Reaction Cycles (US &amp; CA)
5626,Deramores
5630,Lily Charmed
5632,PULP
5633,Ted Baker Ireland
5637,Brussels Airlines (US)
5638,Citybase Apartments
5640,RingCentral
5642,Tassimo
5643,GANT
5649,Fields.ie
5650,Fraser Hart
5653,Diamond Style
5655,Crafters Companion Limited
5657,AA Ireland Travel Insurance
5658,Ray-Ban
5659,Avira
5663,Malwarebytes
5664,Rare London
5665,Magazine Boutique
5667,Voyages Sncf UK
5670,GoNutrition
5675,The People&#39;s Operator
5678,ASOS
5679,Myprotein (US)
5680,Kwik Fit
5682,Fortnum &amp; Mason
5684,The Times
5686,YouGarden.com
5687,Menlook
5688,Bellfield
5699,Next (US)
5703,Swoon Editions
5709,Daisy Baby Shop
5715,Fragrance Expert Limited
5719,giffgaff Handsets
5723,Lights 4 Living
5724,ThBaker
5725,Onlineprinters
5726,Beauty Works Online
5727,Alpha Travel Insurance
5728,AA Term Life Insurance
5734,Smallable
5735,Vitamin Planet
5868,Selections
5737,Hyperoptic B2C
5742,TAP (US &amp; CA)
5745,Carfinance247
5754,SHOEPASSION.com
5755,Higher Nature
5756,888 Sport
5757,The Maths Factor
5758,Trustedhousesitters
5759,Trusted Housesitters (US)
5767,Edinburgh Airport
5769,Conrad Electronic
5771,Caledonian Travel
5772,Modern
5776,trivago UK
5777,trivago Ireland
5778,365games.co.uk
5781,Waitrose Cellar
5783,Glotech
5784,The Shaftesbury
5785,Park Grand London Hotels
5787,Suit Direct
5788,AA Ireland Membership Insurance
5789,AA Ireland Motor Insurance
5790,AA Ireland Home Insurance
5791,The Montcalm
5792,Music Magpie
5762,easyCar Club
5797,My InterRail
5799,Madam Rage
5803,Millet Sports
5804,Paperchase (US)
5805,Anantara Resorts (US &amp; CA)
5806,Berjaya Hotels (US &amp; CA)
5807,Chatrium Hotels (US &amp; CA)
5808,Compass Hospitality (US &amp; CA)
5809,Dusit International (US &amp; CA)
5810,Lebua Hotels (US &amp; CA)
5812,Onyx Hospitality (US &amp; CA)
5815,Rituals
5817,SCI-MX
5821,Viagogo (US)
5832,Moss Bros Ireland
5833,Travelzoo
5834,Preloved UK
5836,Blossoming Flowers and Gifts
5837,Appleyard Flowers
5842,Organic Surge
5843,CitizenM Hotels
5844,The Book Of Everyone
5845,Lamp Shop Online Ltd
5853,Pixartprinting
5854,energybulbs.co.uk
5855,Denby Retail Ltd
5856,Beaverbrooks
5857,Pure Leisure Group
5861,Europcar (US)
5865,TalkTalk Business Broadband
5870,Tria Beauty
5872,Booking.com (CA)
5876,Shutterstock.com
5877,World Remit LTD
5880,Teletext Holidays
5882,Cloggs (JD Sports)
5890,Ripleys London
5895,British Newspaper Archive
5896,AlexandAlexa (US &amp; CA)
5901,Perfume Shopping
5903,Pia Jewellery
5904,Museum Selection
5905,Culture Vulture
5907,Park Inn (US)
5908,Radisson Blu (US)
5913,Which?
5914,The Idle Man
5915,Safestore
5916,Booking.com IE
5917,Booking.com UK
5919,Fred Olsen Cruise Lines
5920,bloom.uk.com
5921,Artigiano
5922,Solutions World
5923,Ribble Cycles
5926,English Heritage - Shop
5927,findmypast (US)
5928,English Heritage - Membership
5931,ATG Tickets
5932,Moss Bros Hire
5935,American Express Travel Insurance
6033,Racing Green
5999,Kathmandu
6112,Asda Money
5970,Ultimate Outdoors
5987,The house shop
5943,Ikrush
5947,findmypast (IE)
5948,findmypast (AU)
5949,Fastlane International
5950,ParcelHero
5952,Collect+
5955,CyclePlan
5957,Plum Pretty Sugar (US)
5959,Simply Supplements
5960,Big Bus Tours
5962,Electricshop
5963,HMV (IE)
5966,hmv l Xtra-vision UK
5968,Ctrip.com (Global)
5971,Asda Opticians
5974,Elias and Grace
5975,House Of Watches
5976,StarGifts.com (US &amp; CA)
5977,ETO Jeans
5980,The East India Company Fine Foods Ltd
5981,Lottoland
5986,TripAdvisor
5991,Oxfam Donations
5994,icelolly.com
5998,Furniture Today
6001,Travel Luggage &amp; Cabin Bags Ltd
6003,AlexandAlexa UK
6004,Deep Blue Dive
6005,Interrail.eu Affiliate Programme
6007,Healthspan
6009,Topshop
6012,Trusted Car Buyers
6013,Light in the Box Ltd
6014,Mini in the Box
6015,Get Going Travel Insurance
6016,W Concept (US)
6018,Applegate Marketplace
6019,Fresh Start
6021,Lycamobile UK
6022,Lycamobile IE
6029,Go Skippy Car Insurance
6031,Navigation.com - HERE (US &amp; CA)
6032,Tech21
6034,1 Like no Other
6035,LensOn
6037,Zavvi (US &amp; CA)
6038,lookfantastic.com (US &amp; CA)
6040,Very (Financial Services)
6045,iwantoneofthose.com (US &amp; CA)
6046,Garden Wildlife Direct
6049,Cuckooland
6050,Navigation.com - HERE (EUR)
6054,LED Bulbs
6055,airconcentre
6056,toucanBox
6057,tReds
6059,Dogalogue
6093,Goodwin Smith
6064,Think Hotels
6069,Weird Fish
6070,Isharya (Global)
6072,IT Governance
6074,Tails
6075,Reader&#39;s Digest
6076,Campbellsmeat
6079,Sourcebmx
6081,Golf Care
6084,Quark Expeditions UK
6091,Etsy UK
6092,Crampton and Moore
6095,Big Green Smile
6097,ConceptByCruise
6099,The Football Pools
6102,The London Academy of Trading - Lead Generation
6105,Waitrose Pet
6107,Ottillie Pop
6110,Rowlands Pharmacy
6111,Emazing Deals Ltd
6113,Domu.co.uk
6114,Direct2Mum
6126,Screwfix IE
6127,Freego
6128,Direct Fireplaces
6129,Direct Stoves
6130,Smart Protein
6132,Godiva Chocolates
6133,Dekoria
6218,ZipVit
6134,Rush Shop
6141,pretaportobello.com
6144,DQT
6145,Caesars Entertainment (Global)
6146,Mark Warner
6151,Elysian
6153,Gerry Weber
6154,Baker Ross IE
6157,Elizabeth Arden
6158,EasyToBook (Global)
6159,Carwow
6160,Wheelies
6162,Tostadora T-shirts
6164,Stradivarius
6165,The Gas Superstore
6166,Warehouse Aquatics
6170,minicabit
6172,AirTurn (US)
6174,DDF Skincare (US)
6175,Tailorstore
6176,Sandos Hotels &amp; Resorts (Global)
6178,BodyChef
6179,Planet Organic
6180,DECIEM The Abnormal Beauty Company
6181,My Business Profile
6188,JustPark
6189,Hawkshead
6197,LaughStub (US)
6198,ElectroStub (US)
6199,TuneStub (US)
6200,Instant Print
6204,QD stores
6205,Top Vintage
6207,HQhair.com (US &amp; CA)
6208,Mybag.com (US &amp; CA)
6209,Coggles (US &amp; CA)
6210,Allsole (US &amp; CA)
6211,Mankind (US &amp; CA)
6212,BeautyExpert (US &amp; CA)
6213,Bicy Insurance
6219,Science in Sport
6220,Etsy (US)
6222,Essential Travel
6224,Fonehouse
6225,Protein Dynamix
6227,Vanmildert
6229,The Underfloor Heating Store
6231,Premier Gourmet Foods
6232,Tresor Paris
6235,Rail Card
6238,Bonanza (Global)
6239,Bigondiy
6241,Park Cameras
6242,Lombok
6243,RAC Car Passport - Buyer
6244,Polarn O Pyret
6245,Waitrose Garden
6248,National Lighting
6249,eGlobal Central
6252,tru diamonds
6256,Chi Chi Clothing
6257,IngramSpark (Global)
6363,Hive
6258,Whoartnow Limited
6263,Evolutions Organics
6267,Ski Total
6270,Pink Boutique
6277,Bodybuilding.com (Global)
6279,Very Exclusive
6281,IPSL
6282,ED place
6727,The Fashion Bible
6284,Homescapes
6285,Expedia IE
6286,Hotels.com IE
6287,rlrdistribution.co.uk
6288,Fiverr (Global)
6289,Rural Retreats
6290,Hiscox Underwriting Group Services Ltd
6291,LED Planet
6292,Allianz Assistance (UK)
6293,Protyre
6294,Peter Hahn
6296,EasyJet Holidays
6297,The London Mint Office
6299,Millennium &amp; Copthorne Hotels (Global)
6301,Celtic &amp; Co
6306,Transfer Go
6311,HiFX (US)
6312,MyPerfectResume (US &amp; CA)
6313,Hawkin&#39;s Bazaar
6314,Simply Cook
6316,Looking4Parking
6322,Waitrose Gifts
6318,Beachbody (Global)
6319,Lily Silk
6321,Bedeck Home
6323,Booking.com (Mexico)
6324,Booking.com (APAC)
6328,AA Credit Cards
6329,Lillian Rose Flowers
6331,Lightbulbs Direct
6332,Disney.ie
6334,Little Black Dress
6335,LendUp (US)
6336,HMV
6337,Talkmobile
6338,Majestic Wine Calais
6340,Capturing Couture (US)
6341,Oak Furniture King
6342,All Outdoor
6343,Public Desire
6344,TenTel
6346,AllSaints IE
6349,Shorefield Holidays
6350,Kensington (US)
6351,National Pen
6402,Post Office Travel Insurance
6353,Gifts.co.uk
6355,The Sting
6688,Tripashore
6364,Fasthosts
6366,ID Mobile
6367,LSA International
6369,CROWDERS
6370,Eurail.com (Global)
6371,Swagbucks (US &amp; CA)
6372,CLEAR (US)
6373,Kingsmills Hotel
6374,Vitamin Bay
6375,Post Office Telephony
6376,Post Office Credit Card
6396,Easylife Group
6390,MyPerfectCV (UK)
6378,AliExpress (Global)
6379,Miss Foxy
6382,Currency Solutions
6638,Miss Pap
6388,Abel &amp; Cole
6394,Travelzoo (US &amp; CA)
6607,GearBest (Global)
6398,DealExtreme - DX.com (Global)
6399,Virgin Media
6400,Virgin Mobile
6401,Studio 8
6403,Boots Designer Sunglasses
6407,wood and beyond
6408,Otel
6409,Car Parts 4 Less
6411,Tweeks Cycles
6412,Uber Kids
6413,Pure Collection Limited
6414,Cult Beauty
6415,Thomas Lyte Limited
6418,Blue Vanilla
6419,Sofas and Stuff Limited
6420,The View From The Shard
6421,One.com (US)
6422,Bennetts
6423,CW Clothes
6424,Post Office National Payments
6426,Eve Mattress
6427,Dance Direct
6459,Debenhams Wines
6461,Debenhams Hampers
6493,Post Office Insurance
6496,Gymshark
6497,Everything 5 Pounds
6499,Manuka Doctor
6501,Holland &amp; Barrett (Ireland)
6504,Pop In A Box
6505,My Geek Box
6506,Metrofone
6507,Mio Skincare
6510,Gala Bingo
6511,Matalan Direct
6513,Go Vype
6514,Gala Casino
6515,Hyperoptic B2B
6516,Saga Money
6517,Humax Direct Limited
6518,Pretty Little Thing IE
6519,Amba Hotels
6520,every hotels
6521,GH Bass
6522,Artfinder
6524,Happy Socks
6525,Babys Mart
6526,Mamas &amp; Papas
6527,Boutique.Goldsmiths
6530,Bogner (Global)
6531,Mountain Travel Sobek (US)
6533,New Balance
6535,Plusnet Mobile
6537,Village Hotel Club
6538,Demon Tweeks
6539,Explore
6540,Slingsby
6541,One Garden
6542,Land&#39;s End
6545,Flavourly
6547,St. Frank (US)
6549,Debt Navigator
6550,8Ball
6551,Boots Travel Insurance
6553,Links of London
6554,Udemy
6555,Folli Follie
6557,Millennium Hotels
6561,Perfume Click
6569,Nisbets (IE)
6591,Desigual (US)
6570,CitizenM Hotels (Global)
6573,Lasula
6574,GoDaddy
6575,TPO Mobile (US)
6585,UK Swimwear
6587,eDreams (US)
6756,Bluebella
6590,AVG
6732,Taste Card
6593,Timetospa
6595,EVOLUTION SLIMMING
6596,bOnline broadband
6597,From Vineyards Direct
6601,Elemis
6602,Gemporia
6604,Zee and Co
6605,BUYSEND.COM LIMITED
6606,Agoda.com (UK)
6613,wearall.com
6615,Alpine Elements
6616,Jollies Sweets
6617,BARGAINMAX LIMITED
6618,PHD Supplements
6619,Private White VC
6620,TK Maxx
6622,Pedalsure
6625,Clas Ohlson UK
6626,Cwaak
6632,Dickies
6628,James Villa Holidays
6629,Toxicfox
6633,Eyewearbrands.com
6635,Insure4music
6636,E-File.com (US)
6642,Mio Skincare (Global)
6643,Ticketmaster IE
6645,Lamoda
6647,Boden SCANDI
6649,everything-led.co.uk
6650,Oceanwide Expeditions (Global)
6652,Forever Bespoke
6655,Net Flights
6656,Pull &amp; Bear
6657,FreedomPop
6658,TOUS (Global)
6660,clickandgo.com
6663,The Royal British Legion
6664,Poppyshop
6665,LeonisaUK
6667,Pro Direct Soccer
6670,Loot Crate (Global)
7142,La Poste Mobile
6674,QickPick (US)
6675,Tech21 (US &amp; CA)
6676,The Rug House
6678,bPay
6681,japancentre.com
6682,Kiwi.com (Skypicker)
6685,Tile Giant
6687,Headwater
6692,2Modern (US)
6693,morlandssheepskin.co.uk
6694,Zuma Office Supply (US)
6695,Fancy Fresher
6696,The Original Factory Shop
6699,Naked Wines
6700,Hipstore
6701,Ticketmaster Gift Cards
6704,Netgiant
6705,Tristar Products UK
6706,Mirillis (Global)
6708,EZ Prints (Global)
6709,AA Balance Transfer Credit Card
6710,AA Low Rate Credit Card
6711,AA FuelSave Credit Card
6714,Alibaba (Global)
6715,Digital High Street
6716,CLASSIC FOOTBALL SHIRTS LIMITED
6717,Evander
6718,Graham &amp; Brown
6722,Bed Factory Direct
6724,VITL
6728,Pacific Holidays
6729,247 Home Rescue
6733,Dell Outlet
6734,Hazel and Kent
6736,Sellto
6737,Insure4Boats
6738,Gunplan
6739,My Geek Box (US)
6740,Virgos Lounge
6743,Casetify (Global)
6744,Qatar Airways (Global)
6745,Pop In a Box (US)
6747,The Sun HND
6748,renskincare.com
6749,A1 Connect
6750,Rosemary Conley
6752,Fy
6753,Dolly and Dotty
6754,Earlybird
6755,Zenfolio (US &amp; CA)
6757,Go Compare
6771,Uniqlo
6759,The Watch Superstore
6761,VAOLA
6764,Brand Attic
6765,Alton Towers
6766,Treatwell (IE)
6769,Mister Spex UK
6770,BBC Store
6773,Chatham
6774,Rattan Direct
6776,Booking.com - Roomsales (US)
6777,Tinhat
6779,Bed Store
6781,Newfrog
6783,Carte Zero FR
6784,Shining Diamonds
6785,Caudalie
6821,Tredz Limited
6786,Robinson&#39;s Shoes
6790,modafirma.com
6791,Loud Clothing
6792,MAX&amp;Co
6793,Shrek Adventures
6795,Europcar International UK
6797,JewelScent (US)
6798,edX (Global)
6799,Deramores
6800,Deramores (CA)
6801,Buy As You View
6804,Old English Inns
6806,Pebble Pillows (US)
6807,rareEARTH Naturals (US)
6809,Approved Food
6812,Bella Mia Boutique
6813,Whistlefish
6817,Choice Furniture Superstore
6818,CFS Online
6819,Furntastic
6822,Falke
6824,Maxwell Scott Bags
6825,Public Desire (US &amp; CA)
6827,moreschi
6829,Urban Retreat
6841,resultswithlucy.com
6844,Berghaus
6846,Firecult
6850,careco.co.uk
6851,Vape Direct
6852,Decibel Nutrition
6854,FabFitFun (US)
6856,Achica
6857,Lancer Skincare
6861,Wiggle Cycle Insurance
6863,Direct Doors
6866,MightyMongoose (US &amp; CA)
6868,better life
6870,Sheridan UK
6872,Megabus Gold
6873,Pepe Jeans
6874,AirfareWatchdog (US)
6875,brightminds.co.uk
6878,simbasleep.com
6879,Maje
6882,Missguided (US &amp; CA)
6884,Pet and Country
6886,Treatwell App Download Campaign
6888,Graze Shop
6893,Pro:Direct Soccer (US)
6894,TLF Apparel (US &amp; CA)
6895,Pro Direct Running
6896,Pro Direct Cricket
6897,Pro Direct Select
6898,Pro Direct Rugby
6899,Pro Direct Tennis
6901,RueDuCommerce FR
6902,Ecco Shoes UK
6903,Charles Stanley Direct
6905,Box of Style
6908,Direct Bikes
6909,The Queen&#39;s 90th
6910,Warwick Castle Breaks
6912,Revital
6913,Battle of Atlantic
6914,Leisure Lakes Bikes
6915,Patrick Pearce
6916,GAA Store
6920,Shapeways
6921,The White Company (US &amp; CA)
6922,Yopa.co.uk
6923,AA Savings
7203,Julian Charles
6924,Conforama FR
6925,BJORN BORG AB (US)
6926,BJORN BORG AB (CA)
6927,systemsat.co.uk
6929,Grow Gorgeous
6930,Scandinavian Design Center
6931,VAPEMATE
6932,Met Rx
6934,The Caravan Club
6935,One.com
6938,Designer Desirables
6939,Etsy (CAD)
6941,Super Cheap Signs (US)
6942,Huge Rugby
6943,Forever 21
6949,Franfinance FR
6951,"Virus Eraser, Inc."
6953,Winfields Outdoors
6954,American Express Gadget Insurance
6955,www.shop4toys.com
6956,iQualTech
6957,Woav
6958,Yves Rocher FR
6959,Y-cam
6960,Viovet
6964,Sephora FR
6967,Oscaro.com
6969,Voyages-sncf.com
6970,Soci&eacute;t&eacute; G&eacute;n&eacute;rale FR
6972,Cetelem Conso Affiliation
6973,Cetelem Immobilier Affiliation
6975,Kiabi FR
6979,Jersey Pottery
6982,Tech in the basket
6984,Domino&#39;s Pizza - Tracker
6985,Reiss
6986,Dell (Main Account)
6987,Manuka Doctor (US)
6988,Marley Spoon (US)
6990,Sarenza FR
6991,Castorama FR
6994,Do Sport Live
6999,Axa FR
7000,Axa_Banque_FR
7001,HomeSuite (US)
7002,Trend Micro
7004,Flower Station Ltd
7005,Addison Lee App Download Campaign
7006,Bows Boutiques
7007,Lostmy.name
7009,BoohooMan.com
7010,Profile Financial Solutions
7012,Mont_St_Michel_FR
7013,Mere_Poulard_FR
7014,Direct-Travel.co.uk
7015,Medical Travel insurance
7016,Booking Buddy (US)
7017,SpeedyHen
7019,Mayoral
7021,Probioslim (US)
7023,Babysecurity
7024,Origin Broadband
7025,Pro Direct Basketball
7026,DPlantes FR
7027,O&#39;Neill
7028,PDSA
7029,Decathlon FR
7031,Leo Le Pirate FR
7033,Content Beauty
7034,Tile Magic
7036,Miroir Lumineux FR
7037,Okamac FR
7038,Viator - A TripAdvisor Company
7148,Mister Maker
7041,Saga Magazines
7044,Help for Heroes
7051,MyBabyDressing FR
7052,Tesco Groceries
7053,East
7054,Cofidis
7055,365 Tickets
7056,Redmond
7057,Jabra
7058,Bjorn Borg
7059,Younited Credit FR
7060,Credit Moderne Ocean Indien FR
7061,Cr&eacute;dit Moderne Antilles Guyane FR
7064,Scottage FR
7066,Courir FR
7067,Credigo FR
7069,Myprotein FR
7070,Voyages-SNCF - Programme Train
7071,Generali Epargne
7072,Madeleine FR
7073,Renault FR
7074,Renault APV
7075,Generali Iard
7076,Renault Shop
7077,Renault V&eacute;hicule Occasion
7078,Renault V&eacute;hicules Utilitaires
7079,Renault_Zo
7080,Renault Push
7081,Dacia.fr
7082,Dacia APV
7086,Snapfish.FR
7088,OnSong
7090,Tesco Direct
7091,Tesco F&amp;F Clothing
7093,Tesco Mobile
7094,Tesco Wine
7096,ESCADA
7100,Undiz FR
7101,Balinea FR
7104,Smallable FR
7105,Tati FR
7106,Ghost
7110,GE Money Bank FR
7111,Histoire_Or
7112,Bonobo FR
7114,zoom.co.uk
7115,Goldstar (USA)
7124,Peebles Hydro
7129,Astute Graphics
7130,Be Jealous
7132,Emoovz FR
7136,Mayoral FR
7137,Ticketbis (US &amp; CA)
7138,DressLily
7139,RoseGal
7140,SammyDress
7141,Jennyfer FR
7143,Efectiv Nutrition
7144,Asics
7146,Asics Clearance
7149,Lottoland Ireland
7150,Culture Secrets FR
7152,www.sheenfallscountryclub.ie
7153,Jura Watches
7154,C.W. Sellors
7157,The Shutter Store (US)
7158,We Are Colony (UK)
7159,Claudie Pierlot FR
7160,French Blossom FR
7161,Pretavoir
7168,HP (US)
7169,HP Canada
7170,Electrical Europe
7172,Trendy Butler (US &amp; CA)
7173,Gym Cube
7174,Myprotein (CA)
7175,ClipChamp
7176,Strength.com (US)
7177,Petit Bateau FR
7178,Ground Level
7179,Fashionette
7180,The Ticket Factory
7181,BA&amp;SH FR
7182,Original and Unrestored
7183,Cofinoga FR
7184,Pure Collection (US)
7185,Wayfair
7186,momondo UK
7187,The Watch Cabin
7189,Woolovers Ireland
7196,Miista
7197,momondo IE
7198,Momondo US
7199,Momondo CA
7200,We Are Colony (US &amp; CA)
7201,Souleiado FR
7204,Dell Small Business
7205,hydeandsleep
7210,1ink.com (US)
7212,Grow Gorgeous (US)
7213,Ted &amp; Muffy
7217,Motorola
7218,AppartCity FR
7219,StubHub (US)
7220,Neutral Sensitive Skin
7221,vouchercodes.co.uk
7222,Viator FR
7223,L TUR FR - 2016
7224,MyShop Solaire FR
7226,Secret Sales Limited
7227,Email Flights
7228,jigsaw-and-more
7229,Gorgeous Cottages
7230,Canon (UK)
7232,Golda&#39;s Kitchen (CA)
7248,Aramis Auto
7256,Bathstore
7258,Beautiful Box FR
7261,BUT
7262,Lily&#39;s Kitchen
7265,Ted &amp; Muffy US
7269,Cyrillus FR
7277,Elite Auto FR
7281,Josh V
7282,HOT!MESS
7285,Elle Sport
7286,Raisin FR
7289,Picniq
7291,Dezzal (US)
7293,ArtRepublic (US &amp; CA)
7302,Orange FAI
7303,Orange Jeux FR
7327,DJI
7305,Orange Mobile
7310,RED by SFR FR
7315,SFR FR
7317,Smartphoto FR
7320,Sosh
7321,Syndic One FR
7325,LaFourchette FR
7329,WaterAid
7330,MMA ZeroTracasTV
7332,Protein World
7348,Experience Days (US)
7359,Vestiaire Collective FR
7370,Clarins FR
7398,10 Motives
7404,Superdry FR
7406,Pull&amp;Bear FR
7409,Ray-Ban FR
7415,Guess FR
7418,Europcar FR
7424,Stylebop FR
7426,Stradivarius FR
7430,Ticketmaster FR
7442,Home24 FR
7454,Pursue Fitness
7457,Finsbury FR
7464,Binck FR
7469,Camera King
7482,Missguided FR
7491,Kurt Geiger FR
7501,Made FR
7502,DHL Envoi FR
7506,Bonusprint
7507,Albelli
7676,Thrifty
7512,Maisons du Monde
7513,Olly Gan FR
7514,Babbel
7515,cable and cotton
7516,Sanctuary Bathrooms
7517,Tweak Mattress
7518,Flubit Deals
7523,LAPEYRE FR
7524,IDANO FR
7526,www.unshackled.com
7528,HotelStorm (US)
7531,Hand On Heart Jewellery
7533,PrettyLittleThing (US)
7535,The Protein Works IE
7538,Toople
7544,Miss Patina
7545,McAfee Canada
7547,Miah.co.uk
7550,Great British Meat
7552,Honor (US)
7560,BeArty.co.uk
7553,Bodybuilding UK
7555,Quelle Energie FR
7558,HP (Mexico)
7561,Photoservice FR
7567,Liberty Games
7568,Le Petit Olivier FR
7569,Juwelo FR
7574,Lights.co.uk
7575,London Sock Company
7579,Photostation FR
7582,Atelier Du Livre FR
7744,Serenata Flowers FR
7583,Get Me A Ticket
7585,Tilley Endurables (CA)
7586,Tilley Endurables (US)
7589,Strideline (US &amp; CA)
7590,SupplementHunt (US)
7664,Fekkai (US &amp; CA)
7666,Otty Sleep
7673,Ecco Shoes Outlet
7677,Jockey Club Racecourses Limited
7685,Mister Spex FR
7692,Graham &amp; Brown (US)
7694,easyHotel
7698,Latest in Beauty
7701,Beauty Coiffure FR
7709,Zeek
7712,Living DNA
7713,Camara FR
7714,Golf Support
7724,Criterium Cycles
7728,Auchan FR
7729,HSNStore FR
7730,Zipjet
7732,Lillian Vernon (US)
7733,Current Catalog (US)
7734,Colorful Images (US)
7735,Darty FR
7740,Shop.CoolMaterial (US)
7741,The Cambridge Satchel Company
7746,IT Governance (EU)
7749,Zaful (US)
7750,Trendeo
7757,ING Direct FR
7758,Banque Casino FR
7775,HSBC FR
7781,Italy Advertiser
7788,Fioulmarket.fr
7796,Tassimo FR
